{
    "uvs": [[0.307835,0.990072,0.011836,0.628855,0.044651,0.626283,0.305909,0.953342,0.442001,0.361435,0.693443,0.673478,0.695405,0.708547,0.410575,0.363934,0.31756,0.264508,0.319547,0.301224,0.614321,0.625756,0.581511,0.628328,0.306733,0.884382,0.100288,0.627255,0.318813,0.370194,0.52589,0.627355,0.693922,0.617897,0.486328,0.362168,0.705362,0.105802,0.912331,0.361497,0.956666,0.362231,0.705915,0.050228,0.704012,0.015146,0.988096,0.359732]],
    "name": "Plane.007Geometry",
    "normals": [0.001587,0.999969,0,1,0,0,0.926115,0,-0.377148,0.001434,0.911069,-0.412183,-0.926054,0,0.377361,0.001434,0.911069,0.412183,-1,0,0,0.001587,-0.999969,0,0.001434,-0.911069,-0.412183,-0.926054,0,-0.377361,0.00061,0.388501,-0.921445,0.440535,0,-0.897702,0.00061,-0.388501,-0.921445,-0.440413,0,-0.897763,0.00061,0.388501,0.921445,-0.440413,0,0.897763,0.00061,-0.388501,0.921445,0.440535,0,0.897702,0.926115,0,0.377148,0.001434,-0.911069,0.412183],
    "metadata": {
        "uvs": 1,
        "normals": 20,
        "version": 3,
        "generator": "io_three",
        "type": "Geometry",
        "faces": 18,
        "vertices": 20
    },
    "faces": [41,2,1,8,6,0,1,2,3,0,1,2,3,41,16,13,2,3,4,5,6,7,4,5,0,6,41,1,0,10,8,1,8,9,2,1,7,8,2,41,0,3,5,10,8,10,11,9,7,6,9,8,41,7,9,11,4,12,13,14,15,10,11,12,13,41,5,6,7,4,11,3,12,15,9,3,10,13,41,6,8,9,7,3,2,13,12,3,2,11,10,41,8,10,11,9,2,9,14,13,2,8,12,11,41,10,5,4,11,9,11,15,14,8,9,13,12,41,12,17,18,14,16,17,18,19,14,15,16,17,41,17,12,13,16,17,16,5,4,15,14,5,4,41,12,14,15,13,16,19,20,5,14,17,18,5,41,14,18,19,15,19,18,21,20,17,16,19,18,41,18,17,16,19,18,17,4,21,16,15,4,19,41,3,2,6,5,10,0,3,11,6,0,3,9,41,3,0,19,16,7,22,21,4,6,7,19,4,41,0,1,15,19,22,23,20,21,7,1,18,19,41,13,15,1,2,5,20,23,6,5,18,1,0],
    "vertices": [1e-06,-8.11718,-1.0495,5.72098,1e-06,-1.0495,-0,8.11718,-1.0495,-5.75983,-1e-06,-1.0495,-4.92398,-1e-06,-2.2147,-5.75983,-1e-06,-1.53303,-0,8.11718,-1.53303,-0.001884,6.93659,-2.2147,5.72098,1e-06,-1.53303,4.88701,1e-06,-2.2147,1e-06,-8.11718,-1.53303,-0.001883,-6.93659,-2.2147,-0.001564,7.13696,0,-1e-06,8.11718,-0.565975,5.02856,1e-06,0,5.72098,1e-06,-0.565975,-5.75983,-1e-06,-0.565976,-5.06584,-0,-0,-0.001563,-7.13696,-0,1e-06,-8.11718,-0.565975]
}