{
    "faces": [33,4,6,26,22,0,1,2,3,33,3,0,15,21,4,5,6,7,33,1,2,18,16,8,9,10,11,33,6,5,25,26,1,12,13,2,33,5,3,21,25,12,4,7,13,33,2,4,22,18,9,0,3,10,32,8,9,11,14,15,15,32,13,12,10,15,15,14,32,8,11,13,14,15,15,32,10,7,8,14,15,14,32,13,10,8,15,14,14,33,16,18,19,17,11,10,16,17,33,14,20,21,15,18,19,7,6,33,23,19,18,22,20,16,10,3,33,20,24,25,21,19,21,13,7,33,22,26,27,23,3,2,22,20,33,26,25,24,27,2,13,21,22,32,17,19,23,17,16,20,32,27,24,20,22,21,19,32,17,23,27,17,20,22,32,27,20,14,22,19,18,32,27,14,17,22,18,17],
    "normals": [0.443495,-0.896268,0,0.008026,-0.999939,0,0.006165,-0.768609,0.639668,0.411969,-0.832575,0.37019,0.898526,-0.438887,0,0.788415,0.615101,0,0.788415,0.614948,0.015198,0.824305,-0.440382,0.355693,-0.794397,0.607349,0,-0.896573,-0.442824,0,-0.822596,-0.444655,0.35432,-0.794397,0.607196,0.015259,-0.43672,-0.899564,0,-0.405713,-0.835749,0.369945,0,0,0.999969,0,0,1,-0.62328,0.008789,0.781915,-0.674337,0.515305,0.528825,0.671163,0.523362,0.524949,0.621387,0.013642,0.783349,0.195593,-0.395276,0.897488,-0.19245,-0.396466,0.897641,0.002228,-0.277352,0.960753],
    "metadata": {
        "faces": 22,
        "normals": 23,
        "uvs": 0,
        "vertices": 28,
        "version": 3,
        "type": "Geometry",
        "generator": "io_three"
    },
    "vertices": [-0.091838,10.8793,-6.3362,-0.126458,10.8793,-6.3362,-9.00633,-0.735049,-6.33619,8.97651,-0.743954,-6.33619,-6.01183,-0.736531,-6.33619,5.9735,-0.742467,-6.33619,-0.121003,6.99181,-6.33619,-0.091838,10.8793,-6.3362,-0.126458,10.8793,-6.3362,-9.00633,-0.735049,-6.33619,8.97651,-0.743954,-6.33619,-6.01183,-0.736531,-6.33619,5.9735,-0.742467,-6.33619,-0.121003,6.99181,-6.33619,-0.126458,10.8793,-4.34207,-0.091838,10.8793,-5.37073,-0.126458,10.8793,-5.37073,-0.091838,10.8793,-4.34207,-9.00633,-0.735049,-5.37073,-8.17658,0.293205,-4.34207,8.12972,0.28513,-4.34207,8.97651,-0.743954,-5.37073,-6.01183,-0.736531,-5.37073,-6.52098,0.292385,-4.34207,6.47277,0.285951,-4.34207,5.9735,-0.742467,-5.37073,-0.121003,6.99181,-5.37073,-0.134508,8.67097,-4.34207],
    "name": "PlaneGeometry.1",
    "uvs": []
}